{"Edges":[{"src":0,"w":1,"dest":1},{"src":1,"w":2,"dest":2}],"Nodes":[{"pos":"31.888,22.777,0.0 ","id":0},{"pos":"35.79588,18.123,0.0 ","id":1},{"pos":"40.987,25.11117,0.0 ","id":2}]}